{
  "beta": 1,
  "arch": "asymmetric",
  "val": {
    "n_active": 127,
    "kl_min": 0.008239011280238628,
    "kl_median": 0.07012118399143219,
    "kl_max": 1.682196855545044,
    "r2_tx": 0.41687989234924316,
    "r2_mt": 0.5766780376434326
  },
  "test": null
}