{
  "beta": 2,
  "arch": "asymmetric",
  "val": {
    "n_active": 119,
    "kl_min": 0.007944805547595024,
    "kl_median": 0.03078051656484604,
    "kl_max": 1.3366053104400635,
    "r2_tx": 0.35574012994766235,
    "r2_mt": 0.49732476472854614
  },
  "test": null
}