{
  "beta": 4,
  "arch": "asymmetric",
  "val": {
    "n_active": 104,
    "kl_min": 0.0036876052618026733,
    "kl_median": 0.017878403887152672,
    "kl_max": 0.9706009030342102,
    "r2_tx": 0.2815420627593994,
    "r2_mt": 0.3989936113357544
  },
  "test": null
}