{
  "beta": 1,
  "arch": "asymmetric",
  "val": {
    "n_active": 128,
    "kl_min": 0.011678616516292095,
    "kl_median": 0.06626616418361664,
    "kl_max": 1.4285523891448975,
    "r2_tx": 0.41715008020401,
    "r2_mt": 0.5739141702651978
  },
  "test": null
}