{
  "beta": 8,
  "arch": "asymmetric",
  "val": {
    "n_active": 66,
    "kl_min": 0.0017997963586822152,
    "kl_median": 0.010230881161987782,
    "kl_max": 0.4807284474372864,
    "r2_tx": 0.1937241554260254,
    "r2_mt": 0.27940428256988525
  },
  "test": null
}