{
  "beta": 1,
  "arch": "asymmetric",
  "val": {
    "n_active": 127,
    "kl_min": 0.009935247711837292,
    "kl_median": 0.06895095854997635,
    "kl_max": 1.7052571773529053,
    "r2_tx": 0.4135745167732239,
    "r2_mt": 0.577263593673706
  },
  "test": null
}