{
  "beta": 4,
  "arch": "shallow",
  "val": {
    "n_active": 105,
    "kl_min": 0.004173371009528637,
    "kl_median": 0.017609398812055588,
    "kl_max": 1.290986180305481,
    "r2_tx": 0.29710185527801514,
    "r2_mt": 0.4080876111984253
  },
  "test": null
}