{
  "beta": 1,
  "arch": "shallow",
  "val": {
    "n_active": 128,
    "kl_min": 0.012280358001589775,
    "kl_median": 0.11253126710653305,
    "kl_max": 1.8486998081207275,
    "r2_tx": 0.4562579393386841,
    "r2_mt": 0.6029314994812012
  },
  "test": null
}