{
  "beta": 8,
  "arch": "shallow",
  "val": {
    "n_active": 66,
    "kl_min": 0.0018400943372398615,
    "kl_median": 0.010121703147888184,
    "kl_max": 0.9347811341285706,
    "r2_tx": 0.200971782207489,
    "r2_mt": 0.2877415418624878
  },
  "test": null
}