{
  "beta": 2,
  "arch": "shallow",
  "val": {
    "n_active": 125,
    "kl_min": 0.008325273171067238,
    "kl_median": 0.03656882792711258,
    "kl_max": 1.6138883829116821,
    "r2_tx": 0.3794546127319336,
    "r2_mt": 0.5134717226028442
  },
  "test": null
}