{
  "beta": 1,
  "arch": "shallow",
  "val": {
    "n_active": 128,
    "kl_min": 0.011436977423727512,
    "kl_median": 0.17580194771289825,
    "kl_max": 1.3721309900283813,
    "r2_tx": 0.4543496370315552,
    "r2_mt": 0.6056658625602722
  },
  "test": null
}