{
  "beta": 1,
  "arch": "shallow",
  "val": {
    "n_active": 128,
    "kl_min": 0.013151218183338642,
    "kl_median": 0.13322795927524567,
    "kl_max": 1.4435548782348633,
    "r2_tx": 0.4516168236732483,
    "r2_mt": 0.60503089427948
  },
  "test": null
}